D-23-S21-P1,LOLOL
D-23-S21-P10,2
D-23-S21-P11,3
D-23-S21-P12,4
D-23-S21-P13,5
D-23-S21-P14,6
D-23-S21-P15,7
D-23-S21-P16,8
D-23-S21-P17,9
D-23-S21-P18,10
D-23-S21-P19,11
D-23-S21-P2,12
D-23-S21-P20,13
D-23-S21-P3,14
D-23-S21-P4,15
D-23-S21-P5,16
D-23-S21-P6,17
D-23-S21-P7,18
D-23-S21-P8,19
D-23-S21-P9,20
D-23-S22-P21,21
D-23-S22-P22,22
D-23-S22-P23,23
D-23-S22-P24,24
D-23-S22-P25,25
D-23-S22-P26,26
D-23-S22-P27,27
D-23-S22-P28,28
D-23-S22-P29,29
D-23-S22-P30,30
D-23-S22-P31,31
D-23-S22-P32,32
D-23-S22-P33,33
D-23-S22-P34,34
D-23-S22-P35,35
D-23-S22-P36,36
D-23-S22-P37,37
D-23-S22-P38,38
D-23-S22-P39,39
D-23-S22-P40,40
D-23-S23-P41,41
D-23-S23-P42,42
D-23-S23-P43,43
D-23-S23-P44,44
D-23-S23-P45,45
D-23-S23-P46,46
D-23-S23-P47,47
D-23-S23-P48,48
D-23-S23-P49,49
D-23-S23-P50,50
D-23-S23-P51,51
D-23-S23-P52,52
D-23-S23-P53,53
D-23-S23-P54,54
D-23-S23-P55,55
D-23-S23-P56,56
D-23-S23-P57,57
D-23-S23-P58,58
D-23-S23-P59,59
D-23-S23-P60,60
D-23-S31-P1,61
D-23-S31-P10,62
D-23-S31-P11,63
D-23-S31-P12,64
D-23-S31-P13,65
D-23-S31-P14,66
D-23-S31-P15,67
D-23-S31-P16,68
D-23-S31-P17,69
D-23-S31-P18,70
D-23-S31-P19,71
D-23-S31-P2,72
D-23-S31-P20,73
D-23-S31-P3,74
D-23-S31-P4,75
D-23-S31-P5,76
D-23-S31-P6,77
D-23-S31-P7,78
D-23-S31-P8,79
D-23-S31-P9,80
D-23-S32-P21,81
D-23-S32-P22,82
D-23-S32-P23,83
D-23-S32-P24,84
D-23-S32-P25,85
D-23-S32-P26,86
D-23-S32-P27,87
D-23-S32-P28,88
D-23-S32-P29,89
D-23-S32-P30,90
D-23-S32-P31,91
D-23-S32-P32,92
D-23-S32-P33,93
D-23-S32-P34,94
D-23-S32-P35,95
D-23-S32-P36,96
D-23-S32-P37,97
D-23-S32-P38,98
D-23-S32-P39,99
D-23-S32-P40,100
D-23-S33-P41,101
D-23-S33-P42,102
D-23-S33-P43,103
D-23-S33-P44,104
D-23-S33-P45,105
D-23-S33-P46,106
D-23-S33-P47,107
D-23-S33-P48,108
D-23-S33-P49,109
D-23-S33-P50,110
D-23-S33-P51,111
D-23-S33-P52,112
D-23-S33-P53,113
D-23-S33-P54,114
D-23-S33-P55,115
D-23-S33-P56,116
D-23-S33-P57,117
D-23-S33-P58,118
D-23-S33-P59,119
D-23-S33-P60,120
D-23-S41-P1,121
D-23-S41-P10,122
D-23-S41-P11,123
D-23-S41-P12,124
D-23-S41-P13,125
D-23-S41-P14,126
D-23-S41-P15,127
D-23-S41-P16,128
D-23-S41-P17,129
D-23-S41-P18,130
D-23-S41-P19,131
D-23-S41-P2,132
D-23-S41-P20,133
D-23-S41-P3,134
D-23-S41-P4,135
D-23-S41-P5,136
D-23-S41-P6,137
D-23-S41-P7,138
D-23-S41-P8,139
D-23-S41-P9,140
D-23-S42-P21,141
D-23-S42-P22,142
D-23-S42-P23,143
D-23-S42-P24,144
D-23-S42-P25,145
D-23-S42-P26,146
D-23-S42-P27,147
D-23-S42-P28,148
D-23-S42-P29,149
D-23-S42-P30,150
D-23-S42-P31,151
D-23-S42-P32,152
D-23-S42-P33,153
D-23-S42-P34,154
D-23-S42-P35,155
D-23-S42-P36,156
D-23-S42-P37,157
D-23-S42-P38,158
D-23-S42-P39,159
D-23-S42-P40,160
D-23-S43-P41,161
D-23-S43-P42,162
D-23-S43-P43,163
D-23-S43-P44,164
D-23-S43-P45,165
D-23-S43-P46,166
D-23-S43-P47,167
D-23-S43-P48,168
D-23-S43-P49,169
D-23-S43-P50,170
D-23-S43-P51,171
D-23-S43-P52,172
D-23-S43-P53,173
D-23-S43-P54,174
D-23-S43-P55,175
D-23-S43-P56,176
D-23-S43-P57,177
D-23-S43-P58,178
D-23-S43-P59,179
D-23-S43-P60,180
D-23-S51-P1,181
D-23-S51-P10,182
D-23-S51-P11,183
D-23-S51-P12,184
D-23-S51-P13,185
D-23-S51-P14,186
D-23-S51-P15,187
D-23-S51-P16,188
D-23-S51-P17,189
D-23-S51-P18,190
D-23-S51-P19,191
D-23-S51-P2,192
D-23-S51-P20,193
D-23-S51-P3,194
D-23-S51-P4,195
D-23-S51-P5,196
D-23-S51-P6,197
D-23-S51-P7,198
D-23-S51-P8,199
D-23-S51-P9,200
D-23-S52-P21,201
D-23-S52-P22,202
D-23-S52-P23,203
D-23-S52-P24,204
D-23-S52-P25,205
D-23-S52-P26,206
D-23-S52-P27,207
D-23-S52-P28,208
D-23-S52-P29,209
D-23-S52-P30,210
D-23-S52-P31,211
D-23-S52-P32,212
D-23-S52-P33,213
D-23-S52-P34,214
D-23-S52-P35,215
D-23-S52-P36,216
D-23-S52-P37,217
D-23-S52-P38,218
D-23-S52-P39,219
D-23-S52-P40,220
D-23-S53-P41,221
D-23-S53-P42,222
D-23-S53-P43,223
D-23-S53-P44,224
D-23-S53-P45,225
D-23-S53-P46,226
D-23-S53-P47,227
D-23-S53-P48,228
D-23-S53-P49,229
D-23-S53-P50,230
D-23-S53-P51,231
D-23-S53-P52,232
D-23-S53-P53,233
D-23-S53-P54,234
D-23-S53-P55,235
D-23-S53-P56,236
D-23-S53-P57,237
D-23-S53-P58,238
D-23-S53-P59,239
D-23-S53-P60,240
D-23-S61-P1,241
D-23-S61-P10,242
D-23-S61-P11,243
D-23-S61-P12,244
D-23-S61-P13,245
D-23-S61-P14,246
D-23-S61-P15,247
D-23-S61-P16,248
D-23-S61-P17,249
D-23-S61-P18,250
D-23-S61-P19,251
D-23-S61-P2,252
D-23-S61-P20,253
D-23-S61-P3,254
D-23-S61-P4,255
D-23-S61-P5,256
D-23-S61-P6,257
D-23-S61-P7,258
D-23-S61-P8,259
D-23-S61-P9,260
D-23-S62-P21,261
D-23-S62-P22,262
D-23-S62-P23,263
D-23-S62-P24,264
D-23-S62-P25,265
D-23-S62-P26,266
D-23-S62-P27,267
D-23-S62-P28,268
D-23-S62-P29,269
D-23-S62-P30,270
D-23-S62-P31,271
D-23-S62-P32,272
D-23-S62-P33,273
D-23-S62-P34,274
D-23-S62-P35,275
D-23-S62-P36,276
D-23-S62-P37,277
D-23-S62-P38,278
D-23-S62-P39,279
D-23-S62-P40,280
D-23-S63-P41,281
D-23-S63-P42,282
D-23-S63-P43,283
D-23-S63-P44,284
D-23-S63-P45,285
D-23-S63-P46,286
D-23-S63-P47,287
D-23-S63-P48,288
D-23-S63-P49,289
D-23-S63-P50,290
D-23-S63-P51,291
D-23-S63-P52,292
D-23-S63-P53,293
D-23-S63-P54,294
D-23-S63-P55,295
D-23-S63-P56,296
D-23-S63-P57,297
D-23-S63-P58,298
D-23-S63-P59,299
D-23-S63-P60,300
Does,301
This,302
Work,303
